,Gompertz,Logistic,Richards,Von-Bert,MMF
1,-144.197591,-271.719856,5.39E-06,-77.73689587,300.8181697
2,-146.1201536,-273.4120895,1.09E-06,-79.75225753,289.8655848
3,-148.0602499,-275.1139057,2.20E-07,-81.7954483,279.4927781
4,-150.017933,-276.825347,4.43E-08,-83.86644443,269.4853963
5,-151.9932549,-278.5464556,8.95E-09,-85.96521899,259.7453408
6,-153.9862666,-280.2772741,1.81E-09,-88.09174197,250.2162341
7,-155.9970181,-282.0178448,3.65E-10,-90.24598031,240.8615008
8,-158.0255585,-283.7682103,7.37E-11,-92.42789797,231.6555197
9,-160.0719357,-285.528413,1.49E-11,-94.63745597,222.5793608
10,-162.1361965,-287.2984955,3.00E-12,-96.87461248,213.6184764
11,-164.2183869,-289.0785002,6.06E-13,-99.13932281,204.7613436
12,-166.3185517,-290.8684698,1.22E-13,-101.4315395,195.998613
13,-168.4367345,-292.6684468,2.47E-14,-103.7512125,187.3225495
14,-170.5729782,-294.4784739,4.99E-15,-106.098289,178.7266484
15,-172.7273244,-296.2985937,1.01E-15,-108.4727134,170.2053646
16,-174.8998135,-298.1288487,2.03E-16,-110.874428,161.753915
17,-177.0904851,-299.9692817,4.11E-17,-113.3033721,153.3681322
18,-179.2993775,-301.8199353,8.29E-18,-115.7594829,145.0443527
19,-181.5265281,-303.6808521,1.67E-18,-118.2426951,136.7793309
20,-183.771973,-305.5520748,3.38E-19,-120.7529408,128.5701711
21,-186.0357472,-307.4336461,6.82E-20,-123.2901502,120.4142743
22,-188.3178849,-309.3256085,1.38E-20,-125.8542509,112.3092943
23,-190.6184189,-311.2280047,2.78E-21,-128.4451685,104.2531027
24,-192.9373808,-313.1408775,5.61E-22,-131.0628263,96.24375956
25,-194.2748014,-314.0642692,1,-132.7071455,89.27948954
26,-196.6307102,-315.9982227,1,-135.3780452,81.35866162
27,-199.0051355,-317.9427805,1,-138.0754426,73.47977207
28,-201.3981046,-319.8979851,1,-140.7992527,65.64143001
29,-203.8096437,-321.8638791,1,-143.5493887,57.84234509
30,-206.2397776,-323.840505,1,-146.3257618,50.08131684
31,-208.6885303,-325.8279054,1,-149.1282814,42.35722555
32,-210.1559244,-326.8261226,2,-150.956855,35.66902424
33,-212.6419815,-328.8351991,2,-153.8113885,28.01573177
34,-215.1467219,-330.8551773,2,-156.6917857,20.39642672
35,-217.6701649,-332.8860996,2,-159.5979491,12.81024199
36,-218.2123287,-332.9280082,4,-160.5297793,7.256360132
37,-220.77323,-334.9809454,4,-163.4871752,-0.265990922
38,-222.3528848,-336.0449534,5,-165.4700344,-6.757541567
39,-224.9513075,-338.1200744,5,-168.4782526,-14.21898388
40,-226.5685117,-339.2063504,6,-170.5117243,-20.65097462
41,-229.2045096,-341.3038236,6,-173.5703423,-28.05413789
42,-230.8593124,-342.4125358,7,-175.653998,-34.42906762
43,-233.5329301,-344.5325291,7,-178.7625815,-41.77632967
44,-233.2253713,-343.6638452,10,-178.8959814,-46.09646389
45,-235.9366437,-345.8065258,10,-182.0540849,-53.38998589
46,-238.6667537,-347.9606128,10,-185.2367782,-60.65738867
47,-240.4157068,-349.1261477,11,-187.4439459,-66.89914411
48,-242.1835068,-350.303172,12,-189.6754715,-73.11570436
49,-243.9701569,-351.4917272,13,-191.9312373,-79.30750306
50,-242.7756588,-349.6918546,17,-191.2111243,-82.47495651
51,-243.600013,-349.9035954,19,-192.5150126,-87.61846468
52,-244.443219,-350.1269909,21,-193.842781,-92.73841225
53,-246.3052751,-351.3620821,22,-196.1943072,-98.83516942
54,-249.1861784,-353.6089099,22,-199.5694679,-105.9090928
55,-246.0859249,-349.8675152,28,-196.9681388,-106.9605261
56,-246.0045092,-349.1379387,31,-197.3901947,-110.989801
57,-247.941925,-350.4202211,32,-199.8355092,-116.9972376
58,-247.8981648,-349.7144027,35,-200.303955,-120.9831451
59,-245.8732198,-347.020524,40,-198.7954042,-122.9478224
60,-248.8670801,-349.3386252,40,-202.3097277,-129.8915587
61,-247.8797348,-347.6687465,44,-201.8467955,-132.8146338
62,-243.9111716,-343.0109277,51,-198.4064771,-132.7173187
63,-239.9613772,-338.3652088,58,-194.988641,-132.5998761
64,-233.0303371,-330.7316294,68,-188.5931549,-129.4625604
65,-219.1180357,-316.110229,85,-175.2198857,-119.3056187
66,-220.2244562,-316.501047,87,-176.8686997,-124.1292907
67,-217.3495806,-312.9041227,93,-174.5394626,-124.9338091
68,-215.4933899,-310.3194951,98,-173.2320391,-126.7194001
69,-213.6558639,-307.7472032,103,-171.9462936,-128.4862834
70,-212.8369812,-306.1872856,107,-171.6820896,-131.2346727
71,-206.0367194,-298.6397809,117,-165.4392902,-127.964776
72,-198.2550549,-290.1047275,128,-158.2177578,-123.6767956
73,-186.4919629,-277.5821637,143,-147.0173542,-115.3709286
74,-182.7474177,-273.0721273,150,-143.8379408,-115.0473669
75,-178.0213922,-267.5746562,158,-139.6793784,-113.7062975
76,-175.3138585,-264.0897881,164,-137.5415273,-114.3479027
77,-175.6247873,-263.6175604,167,-138.4242475,-117.9723604
78,-174.9541483,-262.1580103,171,-138.3273982,-120.579844
79,-173.3019102,-259.7111748,176,-137.2508385,-122.1705227
80,-170.6680406,-256.2770907,182,-135.194427,-122.7445619
81,-165.0525058,-249.8557946,191,-130.1580218,-120.302123
82,-167.4552712,-251.4473228,192,-133.1414807,-125.8433635
83,-162.8763012,-246.0517115,200,-129.1446613,-124.3684375
84,-155.3155588,-237.6689965,211,-122.1674207,-119.8774958
85,-148.7730063,-230.2992136,221,-116.2096156,-116.3706855
86,-152.2486047,-232.9423982,221,-120.2711026,-122.8481506
87,-150.7423141,-230.5985853,226,-119.3517379,-124.3100322
88,-147.2540933,-226.26781,233,-116.4513777,-123.7564681
89,-134.7839004,-212.9501069,249,-104.5698775,-114.1875934
90,-133.3316921,-210.6455104,254,-103.7070931,-115.6035402
91,-131.8974244,-208.3540546,259,-102.8628796,-117.0044382
92,-133.4810519,-209.0757734,261,-105.0370922,-121.3904141
93,-125.0825286,-199.8107004,273,-97.22958594,-115.7615923
94,-114.7018072,-188.5588689,287,-87.44021562,-108.1180947
95,-106.3388394,-179.320312,299,-79.6688359,-102.4600407
96,-94.99357595,-167.0950622,314,-68.91530134,-93.78754758
97,-97.66596666,-168.8831522,315,-72.17946639,-99.10073026
98,-93.35596027,-163.684614,323,-68.4611854,-97.39970151
99,-87.06350455,-156.4994794,333,-62.76031266,-93.68457201
100,-81.78854631,-150.32778,342,-58.07670236,-90.95545039
101,-73.53103137,-141.169547,354,-50.41020869,-85.21244331
102,-70.2909046,-137.0248112,361,-47.76068576,-84.45565549
103,-70.06810991,-135.8936031,365,-48.12798768,-86.68518979
104,-56.86259025,-121.7759531,382,-35.51196857,-75.90114726
105,-55.67428764,-119.671891,387,-34.91248253,-77.10362719
106,-47.50314316,-110.5814463,399,-27.32938368,-71.29272716
107,-43.34909697,-105.5046483,407,-23.7625262,-69.46854307
108,-34.21208829,-95.44152566,420,-15.21176428,-62.6311692
109,-34.09205545,-94.39210699,424,-15.6769522,-64.78069827
110,-6.988935853,-66.35642037,455,10.84205571,-39.91722145
111,3.097333971,-55.33449355,469,20.34540503,-32.04082844
112,5.166818397,-52.32635389,475,21.83324124,-32.15160747
113,13.21958268,-43.33202838,487,29.30570973,-26.24964535
114,28.25569294,-27.35154364,506,43.76295575,-13.33502753
115,36.27521617,-18.38492587,518,51.20512443,-7.407838096
116,39.27822023,-14.43220089,525,53.63236077,-6.468159843
117,43.26477381,-9.493394114,533,57.04480961,-4.516074283
118,48.23494644,-3.56853055,542,61.44261562,-1.551661685
119,51.18880851,0.342365208,549,63.82592331,-0.575001104
120,52.12643121,2.239268985,554,64.194877,-1.586170413
121,52.04788655,3.122157029,558,63.54962081,-3.585246331
122,54.95324735,6.991006018,565,65.89029868,-2.572304449
123,58.84258722,11.84579307,573,69.21705432,-0.547419257
124,71.71598059,25.68649573,590,81.53003122,10.48933582
125,80.57350264,35.513092,603,89.82937264,17.53788843
126,89.41522933,45.32556034,616,98.11522159,24.59816721
127,97.24123739,54.12387966,628,105.3877208,30.67010182
128,99.05160432,56.90802932,634,106.6470129,30.7536229
129,105.8464083,64.67798918,645,112.8932401,35.84866203
130,110.6257284,70.43373954,654,117.1265442,38.95515173
131,121.3896442,82.17526121,669,127.3470671,48.07302545
132,132.1382362,93.90253545,684,137.55495,57.20221751
133,132.8715856,95.61554406,689,137.7503342,56.34266311
134,148.589774,112.3142693,709,152.9333603,70.4942983
135,159.2928842,123.9986939,724,163.1041688,79.65705999
136,170.9809992,136.6688012,740,174.2628999,89.83088587
137,170.6542029,137.324575,744,173.4096934,88.01571447
138,176.31258,143.9659996,754,178.5446887,92.21148507
139,177.9562156,146.5930598,760,179.668025,92.41813774
140,182.5851956,152.2057409,769,183.779841,95.63561328
141,181.1996065,151.804029,772,181.8802753,92.86385326
142,182.7995353,154.3879104,778,182.9694657,93.10279993
143,189.3850699,161.9573722,789,189.04755,98.35239628
144,196.9562986,170.5124019,801,196.1146655,104.612586
145,196.5133104,171.0529875,805,195.1709491,102.8833134
146,200.0561947,175.5791178,813,198.2165374,105.1645234
147,215.5850418,192.090782,833,213.2515663,119.4561619
148,223.0999423,200.5879699,845,220.2761718,125.758175
149,229.6009876,208.0706719,856,226.290489,131.0705097
150,227.0882693,206.538879,858,223.2946529,127.3931135
151,224.56188,204.9925828,860,220.288798,123.7259347
152,228.0219125,209.4317754,868,223.2730583,126.0689218
153,228.4684602,210.8564497,873,223.2475674,125.4220243
154,228.9016172,212.2665989,878,223.2124586,124.785192
155,225.3214778,209.6622172,879,219.1678645,120.1583754
156,224.728137,210.043299,883,218.1139176,118.5415255
157,225.1216902,211.4098397,888,218.0507496,117.9345937
158,228.5022335,215.7618351,896,220.9784919,120.3375322
159,237.8698631,226.0992818,910,229.8972756,128.7502936
160,250.224676,239.4221768,927,241.807231,140.1728309
161,248.5667695,238.730518,930,239.7084882,137.6050977
162,249.8962413,241.0243039,936,240.6011767,138.0470481
163,251.2131896,243.3035334,942,241.4854256,138.4986367
164,249.517713,242.5682065,945,239.3613636,135.9598185
165,249.8099105,243.8183235,950,239.2291186,135.430549
166,251.0898816,246.0538855,956,240.0888183,135.9107843
167,246.3577261,242.2748943,956,234.9405898,130.4004806
168,251.6135443,248.4813523,966,239.7845598,134.8995949
169,253.8574367,251.6732628,973,241.6208544,136.4080845
170,250.0895042,248.8506296,974,237.4495993,131.925907
171,246.3098482,246.0134572,975,233.2709195,127.4530207
172,243.5185704,244.1617509,977,230.0849397,123.9893841
173,242.7157728,244.2955165,981,228.891784,122.5349561
174,241.9015577,244.4147609,985,227.691576,121.0896962
175,244.0760278,247.5194913,992,229.4844388,122.6535641
176,243.2392861,247.6097159,996,228.2704949,121.2265199
177,239.3914358,244.6854435,997,224.0498665,116.8085242
178,239.5325806,245.7466837,1002,223.822675,116.3995379
179,236.6628242,243.7934467,1004,220.5890414,112.9995222
180,234.7822709,242.8257437,1007,218.3490861,110.6084389
181,232.891025,241.8435864,1010,216.1029292,108.2262498
182,228.9891912,238.8469874,1011,211.85069,103.8529174
183,224.0768745,234.8359599,1011,206.5924873,98.48840438
184,219.15418,230.810518,1011,201.3284396,93.13267372
185,216.2212131,228.7706765,1013,198.0586645,89.78568883
186,211.2780793,224.716451,1013,192.7832794,84.44741342
187,216.3248846,230.6478579,1023,197.5024009,89.11781153
188,215.361735,230.5649143,1027,196.2161452,87.7968475
189,231.3887367,247.4676381,1048,211.9246279,103.484486
190,229.4059962,246.3560481,1051,209.6279641,101.1806921
191,227.41362,245.2301636,1054,207.3262682,98.88543094
192,225.4117149,244.090005,1057,205.0196542,96.59866823
193,224.4003879,243.9355934,1061,203.7082356,95.32036984
194,225.3797461,245.7669505,1067,204.3921252,96.05050195
195,223.3498967,244.5840993,1070,202.0714352,93.78903104
196,223.310947,245.387063,1075,201.7462774,93.53592388
197,219.2630046,242.175866,1076,197.416763,89.29114751
198,216.2061772,239.9505334,1078,194.0830026,86.05466926
199,215.1405724,239.7110912,1082,192.7451062,84.82645673
200,211.0662981,236.4575662,1083,188.4031835,80.60647778
201,210.9834623,237.1899858,1088,188.0573432,80.39470055
202,208.892173,235.9083784,1091,185.7076937,78.19109345
203,205.7925383,233.6127735,1093,182.3543429,74.99562511
204,201.6846663,230.3032009,1094,177.9973981,70.80826447
205,197.5686654,226.9796917,1095,173.6369658,66.62898067
206,195.4446438,225.6422775,1098,171.2731522,64.45774314
207,192.3127099,223.290991,1100,167.9060628,61.29452153
208,187.172972,218.9258657,1100,162.5358026,56.13928574
209,184.0255387,216.5469357,1102,159.162476,52.99200591
210,178.8705183,212.1542363,1102,153.7861869,47.85265242
211,174.7080193,208.7478034,1103,149.4070386,43.72119587
212,172.5381502,207.3276739,1106,147.0251336,41.59760709
213,169.3610195,204.8938855,1108,143.6405742,38.48185715
214,167.1767356,203.4464768,1111,141.2534619,36.37391734
215,161.985407,198.9854872,1111,135.8638978,31.27375917
216,157.7871421,195.510957,1112,131.4719822,27.18135435
217,152.5820494,191.0229274,1112,126.0778149,22.09667482
218,147.3702372,186.5214404,1112,120.6814954,17.01969275
219,143.1518139,183.0065389,1113,116.2831223,12.95038049
220,137.9268877,178.4782667,1113,110.8827937,7.8887106
221,132.6955668,173.9366685,1113,105.4806072,2.834655866
222,127.4579595,169.3817897,1113,100.0766598,-2.211810743
223,122.2141737,164.8136768,1113,94.67104807,-7.250716051
224,116.9643176,160.232377,1113,89.26386773,-12.28208669
225,111.7084991,155.6379386,1113,83.85521413,-17.30594909
226,108.4468259,153.0304105,1115,80.445182,-20.3223295
227,103.1794058,148.4098427,1115,75.03386551,-25.33125397
228,97.90634649,143.7762859,1115,69.62135825,-30.33274836
229,93.62775544,140.1297919,1116,65.20775325,-34.32683836
230,88.34374007,135.4704133,1116,59.79314299,-39.31354946
231,83.05440765,130.7982034,1116,54.37761935,-44.29290698
232,80.75986532,129.1132166,1119,51.96127368,-46.26493606
233,79.46022008,128.4155082,1123,50.54419673,-47.22966165
234,76.15557881,125.7051342,1125,47.12647872,-50.18710855
235,70.84604821,120.9821516,1125,41.70820928,-55.13730137
236,65.53173483,116.2466183,1125,36.28947749,-60.08026454
237,60.21274507,111.4985931,1125,30.87037186,-65.01602236
238,56.88918515,108.7381356,1127,27.45098036,-67.94459892
239,53.56116112,105.9653063,1129,24.03139037,-70.86601816
240,48.22877883,101.1801666,1129,18.61168872,-75.78030388
241,43.89214398,97.38277885,1130,14.19196169,-79.68747969
242,40.55136204,94.57320618,1132,10.77229501,-82.58756905
243,38.2065383,92.75151264,1135,8.352773816,-84.48059527
244,36.85777784,91.91776318,1139,6.933482725,-85.36658149
245,33.50518554,89.0720236,1141,3.514505783,-88.2455507
246,31.14886604,87.21436058,1144,1.095926482,-90.11752576
247,25.78892379,82.3448417,1144,-4.322172236,-94.98252935
248,22.42546298,79.46353538,1146,-7.739707984,-97.84058401
249,18.0585876,75.57051094,1147,-12.15659892,-101.6917121
250,16.68840138,74.66583856,1151,-13.57276377,-102.535936
251,15.31500782,73.74958929,1155,-14.98812177,-103.3732777
252,9.938510149,68.82183505,1155,-20.40259276,-108.2037591
253,4.559011374,63.88264862,1155,-25.81609707,-113.0274022
254,-0.823385777,58.93210364,1155,-31.22855561,-117.8442286
255,-7.208578834,52.97027462,1154,-37.63988983,-123.6542598
256,-8.596465595,51.99723693,1158,-39.05002172,-124.4575173
257,-11.98694413,49.01306678,1160,-42.45887379,-127.2540223
258,-15.3799128,46.01784124,1162,-45.86636913,-130.043796
259,-20.77527022,41.01163824,1162,-51.27243134,-134.8268593
260,-25.17291533,36.99453655,1163,-55.67698457,-138.6032332
261,-30.57274734,31.96661577,1163,-61.0799535,-143.3729384
262,-35.97466576,26.92795635,1163,-66.48126334,-148.1359955
263,-41.3785704,21.87863959,1163,-71.88083985,-152.892425
264,-46.78436138,16.8187476,1163,-77.27860931,-157.6422473
265,-52.19193913,11.74836334,1163,-82.67449853,-162.3854827
266,-55.60120439,8.66757058,1165,-86.06843486,-165.1221511
267,-61.01205824,3.576453922,1165,-91.46034617,-169.8522727
268,-65.42440206,-0.524901218,1166,-95.85016085,-173.5758674
269,-69.83813756,-4.636408611,1167,-100.2378078,-177.2929548
270,-74.25316678,-8.757981217,1168,-104.6232165,-181.0035546
271,-78.66939213,-12.88953119,1169,-109.0063169,-184.7076863
272,-84.0867163,-18.03096989,1169,-114.3870396,-189.4053695
273,-89.50504237,-23.18220787,1169,-119.7653154,-194.0966232
274,-92.92427376,-26.34315491,1171,-123.1410759,-196.7814668
275,-98.34431423,-31.51371998,1171,-128.5142531,-201.4599193
276,-101.7650679,-34.69381129,1173,-131.8847797,-204.1319996
277,-107.1864392,-39.88333626,1173,-137.2525887,-208.7977266
278,-109.6083331,-42.08220156,1176,-139.6176136,-210.457119
279,-114.0306547,-46.29031307,1177,-143.9797885,-214.1101955
280,-117.4533095,-49.50757592,1179,-147.339048,-216.7569746
281,-122.8762037,-54.7338945,1179,-152.6953272,-221.3974746
282,-127.2992434,-58.96917244,1180,-157.0485618,-225.031714
283,-132.7223353,-64.21331262,1180,-162.3986877,-229.6597108
284,-137.1453867,-68.4662172,1181,-166.7456416,-233.2814833
285,-141.5683048,-72.72778761,1182,-171.0893607,-236.8970494
286,-144.9909977,-75.99792455,1184,-174.4297825,-239.506427
287,-144.4133735,-75.27652799,1190,-173.766845,-238.1096339
288,-149.8353409,-80.56349723,1190,-179.100487,-242.7066878
289,-151.2568089,-81.85873083,1194,-180.4306474,-243.2976063
290,-153.6776871,-84.16212667,1197,-182.7572658,-244.882407
291,-159.0978851,-89.47358193,1197,-188.0802823,-249.4611071
292,-161.5173134,-91.79299312,1200,-190.3996374,-251.0337241
293,-166.9358825,-97.12025606,1200,-195.7152721,-255.6002752
294,-171.3535036,-101.4552659,1201,-200.027128,-259.1607774
295,-165.7700881,-95.79791722,1212,-194.3351471,-252.7152478
296,-165.185548,-95.14810378,1218,-193.6392717,-251.2637034
297,-167.5997955,-97.50571881,1221,-195.9394449,-252.806161
298,-167.0127435,-96.87065487,1227,-195.2356101,-251.3426373
299,-168.424305,-98.24280391,1231,-196.5277112,-251.873149
300,-168.8343938,-98.62205724,1236,-196.8156924,-251.3977127
301,-168.2429238,-98.00830556,1242,-196.0994988,-249.9163449
302,-169.6498095,-99.40143897,1246,-197.3790755,-250.4290619
303,-174.0549657,-103.801347,1247,-201.6543683,-253.9358802
304,-172.4583079,-102.2079185,1254,-199.9253235,-251.4368158
305,-167.8597518,-97.62104178,1264,-195.1918877,-245.931885
306,-170.2592136,-100.0406047,1267,-197.4540082,-247.4211039
307,-164.65661,-94.46649438,1278,-191.7116325,-240.9044883
308,-159.051858,-88.89859751,1289,-185.9647087,-234.3820542
309,-159.4448751,-89.33680016,1294,-186.2131853,-233.8538175
310,-156.8355795,-86.78098791,1302,-183.4570113,-230.3197937
311,-153.2238894,-83.23104579,1311,-179.6961361,-225.7799986
312,-151.6097238,-81.68685832,1318,-177.9305097,-223.2344477
313,-155.9930021,-86.14830952,1319,-182.1600822,-226.6831566
314,-156.3736439,-86.6152829,1324,-182.3848045,-226.1261406
315,-155.7515696,-86.08766148,1330,-181.6046279,-224.5634151
316,-149.1266999,-79.56532781,1342,-174.8195038,-216.9949953
317,-146.4989558,-77.04816397,1350,-172.0293845,-213.4208963
318,-143.8682591,-74.53605158,1358,-169.2342225,-209.8411334
319,-146.2345319,-77.0288718,1361,-171.4339707,-211.2557214
320,-139.5976965,-70.52650536,1373,-164.6285825,-203.6646755
321,-135.9576762,-67.02883256,1382,-160.8180118,-199.0680103
322,-118.3143942,-49.53573328,1405,-143.0022128,-180.4657408
323,-115.6677747,-47.04708698,1413,-140.1811401,-176.8578817
324,-114.0177419,-45.56277274,1420,-138.3547489,-174.2444476
325,-104.3642207,-36.08266924,1435,-128.5229948,-163.625453
326,-95.70713655,-27.60665478,1449,-119.6858336,-154.0009126
327,-86.04641516,-18.13460729,1464,-109.8432218,-143.3708407
328,-77.38198285,-9.666404363,1478,-100.9951161,-133.7352518
329,-75.71376636,-8.201923221,1485,-99.1414738,-131.0941601
330,-76.04169291,-8.741040761,1490,-99.28225241,-130.4475798
331,-69.36569021,-2.283633555,1502,-92.41741002,-122.7955251
332,-72.68568641,-5.82957786,1504,-95.54690506,-125.1380101
333,-75.00161018,-8.378749628,1507,-97.67069637,-126.4750489
334,-65.31339064,1.068975478,1522,-87.7887432,-115.8066553
335,-49.62095737,16.51372208,1543,-71.90100522,-99.13284338
336,-50.92424045,14.95561507,1547,-73.00744247,-99.45362683
337,-26.22317044,39.39477959,1577,-48.10801542,-73.76901944
338,-30.51767837,34.83134104,1578,-52.20268492,-77.07903493
339,-27.80769573,37.26542505,1586,-49.29141222,-73.38368691
340,-12.09315453,52.69715749,1607,-33.37415897,-56.68298896
341,-11.37398721,53.12666443,1613,-32.45088719,-54.97695459
342,-11.65012672,52.55407215,1618,-32.52155932,-54.26559722
343,-2.921506496,60.9795071,1632,-23.58613817,-44.54893025
344,0.811939572,64.40309594,1641,-19.64458693,-39.82696699
345,1.550277098,64.82496549,1647,-18.69686919,-38.09972069
346,16.29357122,79.24524271,1667,-3.742948914,-22.36720455
347,17.0418866,79.66405473,1673,-2.782790445,-20.6294317
348,32.7952874,95.0815288,1694,13.18364149,-3.886415218
349,35.55383734,97.49779228,1702,16.1563818,-0.138168111
350,38.31759961,99.91297268,1710,19.13546501,3.615296663
351,57.08663697,118.3271976,1734,38.12092528,23.37396621
352,64.86101166,125.7405946,1747,46.11279639,32.13782769
353,64.64078546,125.1532916,1752,46.11111175,32.90686833
354,68.42601966,128.5654162,1761,50.11590443,37.68107541
355,79.21677508,138.9770965,1777,61.1272071,49.46043626
356,84.01311206,143.3884603,1787,66.1450521,55.24493827
357,94.81509045,153.7996354,1803,77.16947138,67.03456889
358,99.62276963,158.21075,1813,82.20049656,72.82931564
359,112.4362085,170.6219319,1831,95.23815888,86.62916606
360,115.2554655,173.033309,1839,98.28248924,90.43410778
361,133.0805985,190.4450094,1862,116.3335182,109.2441285
362,139.911665,196.8571609,1874,123.3912759,117.0592158
363,145.748722,202.2698913,1885,129.4557922,123.8793577
364,146.591826,202.6833286,1891,130.5270967,125.7045418
365,152.441033,208.0976003,1902,136.6052184,132.5347561
366,150.2963986,205.5128343,1905,134.6901862,131.3699886
367,147.1579779,201.9291581,1907,131.7820285,129.2102271
368,150.0258255,204.346699,1915,134.8807735,133.0554598
369,152.8999954,206.7655847,1923,137.986449,136.9056748
370,163.7805414,217.1859421,1939,149.0990823,148.7608602
371,170.6675167,223.6078986,1951,156.2187008,156.6210041
372,168.5609738,221.031581,1954,154.345331,155.4860949
373,173.4609652,225.4571162,1964,159.4789996,161.3561209
374,173.3675425,224.8846307,1969,159.6197325,162.2310703
375,181.2807571,232.3142511,1982,167.7675558,171.1109316
376,182.2006597,232.7461036,1988,168.9224947,172.9956932
377,182.1273008,232.1803143,1993,169.0845745,173.8853437
378,185.0607302,234.617009,2001,172.2538201,177.7798715
379,188.0009974,237.0563133,2009,175.4302558,181.6792652
380,186.9481513,235.4983527,2013,174.6139061,181.5835136
381,181.9022403,229.9432522,2013,169.8047947,177.4926053
382,179.8633126,227.3911368,2016,168.0029452,176.4065289
383,176.8314158,223.842131,2018,165.208381,174.3252734
384,180.8065968,227.2963592,2027,169.4211248,179.2488275
385,175.7889023,221.7539454,2027,164.6411995,175.1771801
386,170.7783786,216.2150133,2027,159.8686274,171.1103202
387,168.7750713,213.6796863,2030,158.1034304,170.0482366
388,163.7790258,208.1480876,2030,153.3456304,165.9909184
389,158.7902868,202.6203399,2030,148.5952488,161.9383547
390,154.8088986,198.0965655,2031,144.8523067,158.8905346
391,149.8349053,192.5768866,2031,140.116825,154.8474471
392,149.8683501,192.0614247,2036,140.3888242,155.8090816
393,147.9092762,189.5503013,2039,138.6683246,154.7754272
394,144.957726,186.0436372,2041,135.9553461,152.7464732
395,147.0137416,187.5415529,2048,138.2499085,155.7222089
396,143.0773648,183.0441685,2049,134.5520312,152.7026237
397,145.1486366,184.5516037,2056,136.8617331,155.687707
398,141.2275978,180.0639778,2057,133.1790332,152.6774483
399,137.3142888,175.5814095,2058,129.5039501,149.671837
400,132.4087494,170.1040173,2058,124.8365019,145.6708627
401,127.511019,164.6319189,2058,120.1767066,141.674515
402,122.6211366,159.1652319,2058,115.524582,137.6827834
403,117.7391407,153.7040732,2058,110.8801455,133.6956576
404,112.8650695,148.2485593,2058,106.2434142,129.7131274
405,107.9989605,142.798806,2058,101.6144051,125.7351824
406,103.1408511,137.3549289,2058,96.99313468,121.7618125
407,99.29077801,132.917043,2059,93.37961937,118.7930074
408,95.44877759,128.4852625,2060,89.77387525,115.8287571
409,90.6148858,123.0597014,2060,85.17591811,111.8690514
410,86.78913813,118.6404731,2061,81.58576353,108.9138803
411,81.97156966,113.2276902,2061,77.00342679,104.9632337
412,77.16221504,107.821465,2061,72.42892292,101.0171016
413,72.36110849,102.4219091,2061,67.8622667,97.0754742
414,67.56828382,97.02913366,2061,63.30347266,93.13834148
415,62.78377441,91.64324905,2061,58.75255505,89.20569361
416,58.00761321,86.26436517,2061,54.20952788,85.27752076
417,53.23983277,80.89259128,2061,49.67440493,81.35381312
418,48.48046521,75.52803605,2061,45.1471997,77.43456096
419,43.72954225,70.1708075,2061,40.62792545,73.51975454
420,38.98709518,64.82101303,2061,36.11659521,69.60938419
421,34.25315488,59.4787594,2061,31.61322174,65.70344027
422,29.52775183,54.14415274,2061,27.11781757,61.80191317
423,25.8109161,49.81729851,2062,23.630395,58.90479332
424,21.10267735,44.49830151,2062,19.15096607,55.01207119
425,17.40306482,40.18726588,2063,15.67954259,52.12373727
426,12.71210737,34.88429507,2063,11.21613614,48.23978211
427,8.029833446,29.58949187,2063,6.76075806,44.36019628
428,3.356271096,24.30295836,2063,2.313419451,40.48497038
429,-1.308552029,19.02479593,2063,-2.125868811,36.61409507
430,-5.964608677,13.75510528,2063,-6.557096082,32.74756101
431,-10.61187199,8.493986368,2063,-10.98025194,28.88535893
432,-15.2503155,3.241538466,2063,-15.39532621,25.02747956
433,-17.87991314,-0.002139892,2065,-17.80230892,23.17391369
434,-22.50063922,-5.236950899,2065,-22.20119032,19.32465214
435,-27.11246845,-10.46279748,2065,-26.59196091,15.47968576
436,-31.71537592,-15.67958331,2065,-30.97461139,11.63900543
437,-36.30933709,-20.88721281,2065,-35.34913268,7.802602059
438,-40.89432784,-26.08559115,2065,-39.71551591,3.970466609
439,-45.47032439,-31.27462425,2065,-44.07375246,0.142590057
440,-49.03730336,-35.45421882,2066,-47.42383388,-2.681036578
441,-53.59524175,-40.62428233,2066,-51.76575196,-6.500422249
442,-58.14411692,-45.78472301,2066,-56.0994987,-10.31557587
443,-62.68390662,-50.93544989,2066,-60.4250663,-14.12650634
444,-67.21458896,-56.07637279,2066,-64.74244719,-17.9332225
445,-70.73614242,-60.20740229,2067,-68.05163397,-20.73573318
446,-75.24854586,-65.32844981,2067,-72.35261948,-24.53404716
447,-79.75177849,-70.43942753,2067,-76.64539675,-28.32817321
448,-84.24581989,-75.54024847,2067,-80.92995901,-32.11812006
449,-88.73065001,-80.63082642,2067,-85.20629971,-35.90389639
450,-93.20624915,-85.71107603,2067,-89.47441246,-39.68551088
451,-97.67259798,-90.78091273,2067,-93.73429112,-43.46297216
452,-102.1296775,-95.84025279,2067,-97.9859297,-47.23628884
453,-102.5774691,-96.8890133,2071,-98.22932244,-47.00546948
454,-107.0159545,-101.9271122,2071,-102.4644638,-50.77052262
455,-111.4451158,-106.9544682,2071,-106.6913483,-54.53145679
456,-115.8649354,-111.9710009,2071,-110.9099708,-58.28828046
457,-120.2753961,-116.9766308,2071,-115.1203262,-62.04100209
458,-124.6764809,-121.9712792,2071,-119.3224099,-65.7896301
459,-101.0681735,-98.95486805,2099,-95.51621706,-41.53417287
460,-105.4504574,-103.9273205,2099,-99.70174333,-45.27463879
461,-109.8233171,-108.8885602,2099,-103.8789844,-49.01103617
462,-96.18673675,-95.83851204,2117,-90.04793629,-34.74337333
463,-100.5407013,-100.7771014,2117,-94.208595,-38.47165854
464,-104.885196,-105.7042548,2117,-98.36095685,-42.19590006
465,-109.2202062,-110.6198994,2117,-102.5050183,-45.91610609
466,-113.5457177,-115.5239633,2117,-106.640776,-49.63228483
467,-117.8617168,-120.4163757,2117,-110.7682267,-53.34444445
468,-122.1681898,-125.2970662,2117,-114.8873675,-57.05259308
469,-126.4651235,-130.1659657,2117,-118.9981955,-60.75673882
470,-130.7525051,-135.0230058,2117,-123.1007081,-64.45688975
471,-135.030322,-139.8681189,2117,-127.1949027,-68.15305393
472,-139.2985619,-144.7012385,2117,-131.280777,-71.84523937
473,-143.5572129,-149.5222987,2117,-135.3583289,-75.53345408
474,-147.8062634,-154.3312346,2117,-139.4275563,-79.21770602
475,-152.0457021,-159.1279823,2117,-143.4884576,-82.89800313
476,-156.275518,-163.9124787,2117,-147.5410309,-86.57435334
477,-160.4957004,-168.6846614,2117,-151.5852748,-90.24676452
478,-164.7062389,-173.4444691,2117,-155.621188,-93.91524454
479,-168.9071235,-178.1918415,2117,-159.6487693,-97.57980124
480,-172.0983443,-181.9267187,2118,-162.6680176,-100.2404424
481,-176.2798919,-186.6490422,2118,-166.6789322,-103.8971759
482,-180.4517572,-191.3587541,2118,-170.6815123,-107.5500093
483,-184.6139312,-196.0557975,2118,-174.6757573,-111.1989505
484,-187.7664054,-199.7401164,2119,-177.661667,-113.8440072
485,-191.9091715,-204.4116554,2119,-181.6392409,-117.485187
486,-196.0422214,-209.0703604,2119,-185.6084791,-121.1224976
487,-200.1655476,-213.716178,2119,-189.5693817,-124.7559466
488,-203.2791425,-217.3490556,2120,-192.5219487,-127.3855416
489,-207.3829991,-221.9689416,2120,-196.4661807,-131.0112902
490,-210.4771104,-225.5757852,2121,-199.402078,-133.6332
491,-214.5614699,-230.1695366,2121,-203.3296414,-137.2512784
492,-218.6360714,-234.7501468,2121,-207.2488717,-140.865533
493,-222.7009088,-239.3175676,2121,-211.1597697,-144.4759713
494,-225.7559764,-242.8717518,2122,-214.0623366,-147.0826007
495,-229.8012687,-247.4126531,2122,-217.9565736,-150.6854286
496,-233.8367805,-251.940226,2122,-221.8424821,-154.2844624
497,-237.8625069,-256.4544259,2122,-225.7200635,-157.8797096
498,-241.8784433,-260.955209,2122,-229.5893195,-161.4711774
499,-245.8845853,-265.4425325,2122,-233.4502519,-165.0588733
500,-247.8809288,-267.9163543,2124,-235.3028626,-166.6428045
501,-251.8674698,-272.3766335,2124,-239.1471536,-170.2229782
502,-254.8442049,-275.8233297,2125,-241.9831271,-172.7994019
503,-258.8111306,-280.2564035,2125,-245.8107854,-176.3720826
504,-261.7682439,-283.6758164,2126,-248.630131,-178.9410277
505,-265.715542,-288.0815308,2126,-252.4411665,-182.5062443
506,-269.6530223,-292.4735098,2126,-256.2438944,-186.0677395
507,-272.5806824,-295.8517175,2127,-259.0383177,-188.6255206
508,-275.4985204,-299.2161187,2128,-261.8244394,-191.1795946
509,-279.4065343,-303.5666793,2128,-265.6022624,-194.7299686
510,-283.3047227,-307.9033659,2128,-269.37179,-198.2766498
511,-285.1930841,-310.2261458,2130,-271.1330255,-199.8196452
512,-289.0716175,-314.5349875,2130,-274.8859723,-203.3589617
513,-290.940322,-316.8298599,2132,-276.6306341,-204.8946065
514,-294.7991971,-321.1107331,2132,-280.3670145,-208.4265865
515,-296.6482422,-323.377578,2134,-282.0951173,-209.9549087
516,-300.4874574,-327.630366,2134,-285.8149465,-213.4795799
517,-299.3168427,-326.8690697,2139,-284.526506,-212.0006073
518,-301.1363984,-329.0936624,2141,-286.2298001,-213.5179975
519,-296.946125,-325.3041182,2149,-281.924833,-209.0317576
520,-300.7460234,-329.500412,2149,-285.6116091,-212.5418943
521,-304.5360945,-333.6825196,2149,-289.2901328,-216.0484146
522,-297.3163396,-326.8504174,2160,-281.9604089,-208.5513251
523,-298.0867602,-328.004083,2163,-282.622442,-209.0506328
524,-297.8473578,-328.1434943,2167,-282.2762369,-208.5463444
525,-290.5981344,-321.2686305,2178,-274.9217987,-201.0384666
526,-291.3390921,-322.3794712,2181,-275.5591322,-201.5270061
527,-291.0702333,-322.4759971,2185,-275.1882428,-201.0119698
528,-292.7915603,-324.5581894,2187,-276.8091355,-202.4933642
529,-291.5030761,-323.6260303,2192,-275.4218159,-200.971196
530,-293.2047835,-325.6795026,2194,-277.0262894,-202.4454719
531,-295.8966857,-328.7185902,2195,-279.6225615,-204.9161985
532,-294.5787862,-327.7432773,2200,-278.2106379,-203.3833824
533,-287.2510883,-320.7535493,2211,-270.7905244,-195.8470303
534,-282.913596,-316.7493922,2219,-266.3622268,-191.3071485
535,-286.5663132,-320.7307926,2219,-269.9257511,-194.7637438
536,-286.209244,-320.6977381,2223,-269.4811035,-194.2168226
537,-283.842393,-318.6502169,2229,-267.02829,-191.6663914
538,-287.4657645,-322.5882181,2229,-270.5673169,-195.1124568
539,-276.0793634,-311.5117313,2244,-259.0981906,-183.5550252
540,-276.6831947,-312.420747,2247,-259.6209175,-183.9941029
541,-280.2772635,-316.3152565,2247,-263.1355042,-187.4296966
542,-262.861575,-299.1952516,2268,-245.6419574,-169.8618125
543,-258.4361349,-295.0607251,2276,-241.1402836,-165.2904571
544,-257.0009489,-293.9116702,2281,-239.6304898,-163.7156367
545,-253.5560228,-290.7480811,2288,-236.1125829,-160.1373576
546,-247.1013628,-284.5699526,2298,-229.5865699,-153.5556263
547,-240.6369749,-278.3772801,2308,-223.0524578,-146.970449
548,-191.1628658,-229.1700598,2361,-173.5102539,-97.38183202
549,-101.6790421,-139.9482887,2454,-83.9599653,-7.789781607
550,-104.1855104,-142.7119643,2455,-86.40159949,-10.19430404
551,-93.68227776,-132.4610848,2469,-75.83516385,0.404594455
552,-86.16935132,-125.1956493,2480,-68.26066591,8.006907653
553,-81.64673839,-120.9156572,2488,-63.67811325,12.61262936
554,-78.11444643,-117.6211088,2495,-60.08751357,16.22175338
555,-54.57248307,-94.31200516,2522,-36.48887461,39.83427357
556,-28.02085613,-67.98834778,2552,-9.882204234,66.45018378
557,-27.45957358,-67.65013891,2556,-9.267510355,67.06947788
558,-13.88864355,-54.29738144,2573,4.355199024,80.69214976
559,-12.30807434,-52.9300789,2578,5.985915822,82.31819332
560,-8.717874392,-49.54823545,2585,9.624631882,85.94760251
561,-9.118052328,-50.15185587,2588,9.27133897,85.58037127
562,-10.50861692,-51.74094559,2590,7.926028778,84.21649354
563,-5.889577078,-47.31551064,2598,12.58869292,88.85596333
564,11.73905811,-29.87555766,2619,30.25932294,106.4987746
565,26.37727941,-15.42109393,2637,44.9379103,121.1449214
566,26.02507745,-15.95212729,2640,44.6244464,120.7943978
567,22.6824427,-19.46866619,2640,41.31892256,117.4471978
568,28.34936548,-13.9707197,2649,47.02133003,123.1033154
569,30.02583597,-12.45829745,2654,48.73166001,124.7627448
570,27.71184421,-14.93140964,2655,46.44990359,122.4254801
571,30.40738008,-12.39006708,2661,49.17605182,125.0915153
572,30.11243333,-12.83428111,2664,48.91009568,124.7608447
573,28.82699358,-14.26406367,2666,47.65202608,123.4334623
574,27.55105029,-15.67942723,2668,46.40183386,122.1093624
575,27.28459279,-16.08038483,2671,46.15950979,121.788539
576,26.0276103,-17.46695005,2673,44.92504458,120.4709866
577,26.78009186,-16.83913702,2677,45.69842889,121.1566991
578,36.54202641,-7.196960398,2690,55.47965329,130.8456709
579,38.31340276,-5.540435366,2695,57.26870831,132.5378963
580,41.09420956,-2.869577643,2701,60.06558439,135.2333695
581,57.88443537,13.81559654,2721,76.87027194,151.9320848
582,57.6840686,13.51507043,2724,76.68276129,151.6340364
583,54.49309753,10.22882678,2724,73.50304272,148.3392188
584,51.31151034,6.956847835,2724,70.33110644,145.0476262
585,48.13929506,3.699115334,2724,67.16694261,141.7592531
586,51.97643961,7.455610537,2731,71.01054133,145.4740936
587,48.82293181,4.226314213,2731,67.86189264,142.1921423
588,56.67875932,12.01120666,2742,75.72098651,149.9133936
589,54.54390971,9.81026768,2743,73.58781289,147.6378418
590,53.41837044,8.623476635,2745,72.46236164,146.3654814
591,52.30212883,7.450812407,2747,71.34462258,145.0963068
592,58.19517211,13.29225342,2756,77.23458548,150.8303125
593,55.09748738,10.14777766,2756,74.13224004,147.567493
594,57.00906165,12.01736266,2761,76.03757592,149.3078428
595,53.9298818,8.900985493,2761,72.95058274,146.0513563
596,58.85993461,13.79862283,2769,77.87125003,150.798028
597,90.79920676,45.71025089,2804,109.7995673,182.5478526
598,120.7476848,75.63584548,2837,139.735524,212.3008246
599,118.7053552,73.57538198,2838,137.6791096,210.0569386
600,115.6722044,70.52883536,2838,134.6303134,206.816189
601,114.6482185,69.4961802,2840,133.5891246,205.5785706
602,121.6333838,76.47739064,2850,140.5555326,212.3440779
603,123.6276863,78.47244045,2855,142.5295266,214.1127056
604,121.631112,76.48130302,2856,140.5110958,211.8844482
605,144.6436467,99.50395133,2882,163.5002291,234.6593006
606,143.6652763,98.54035799,2884,162.4969158,233.4372572
607,140.6959863,95.59049524,2884,159.5011449,230.2183129
608,139.7357624,94.65433494,2886,158.5129053,229.0024624
609,142.78459,97.7318486,2892,161.532186,231.7897002
610,142.8424546,97.82300736,2895,161.5589758,231.5800212
611,139.9093415,94.92778201,2895,158.5932637,228.3734202
612,137.9852359,93.04614299,2896,156.6350384,226.1698918
613,137.0701229,92.1780604,2898,155.6842887,224.9694308
614,135.1639875,90.32350402,2899,153.7410034,222.7720321
615,133.2668149,88.48244327,2900,151.8051711,220.5776904
616,132.3785897,87.65484725,2902,150.8767805,219.3864006
617,129.4992969,84.84068475,2902,147.9558202,216.1981574
618,129.6289212,85.03992424,2905,148.0422788,216.0129558
619,127.7674471,83.25253388,2906,146.1361448,213.8307905
620,124.9148593,80.4784815,2906,143.2374066,210.6516565
621,130.0711422,85.71773467,2914,148.3460529,215.4755486
622,135.2362803,90.97026064,2922,153.4620719,220.3024618
623,143.4102578,99.23602637,2933,161.5854521,228.1323909
624,156.593059,112.5149985,2949,174.7161819,240.9653308
625,164.7846681,120.8071435,2960,182.8542495,248.8012766
626,169.9850693,126.1124275,2968,187.9996432,253.6402231
627,167.1942465,123.4308162,2968,185.1523513,250.4821654
628,164.4121837,120.7622754,2968,182.3123621,247.3270984
629,166.6388648,123.1067702,2973,184.4796636,249.175017
630,163.8742737,120.4642659,2973,181.654244,246.0259164
631,161.1183941,117.8347271,2973,178.8360915,242.8797916
632,158.3712097,115.2181185,2973,176.0251942,239.7366375
633,156.6327042,113.6144044,2974,174.2215401,237.5964492
634,153.902861,111.0235488,2974,171.4251172,234.4592217
635,151.1816638,108.4455158,2974,168.6359135,231.3249502
636,148.4690959,105.8802687,2974,165.853917,228.1936298
637,146.7651408,104.3277712,2975,164.0791157,226.0652554
638,144.0697818,101.7879864,2975,161.3114975,222.9398224
639,141.3830021,99.26087719,2975,158.5510502,219.8173256
640,138.7047849,96.74640642,2975,155.7977617,216.6977604
641,137.0351134,95.24453663,2976,154.0516198,214.5811218
642,135.3739707,93.7552302,2977,152.3126123,212.4674051
643,133.7213398,92.27844929,2978,150.5807271,210.3566053
644,131.0772038,89.81415588,2978,147.8559518,207.2487177
645,130.4415454,89.36231176,2980,147.1382742,206.1437375
646,127.8143477,86.92287854,2980,144.4276819,203.0416598
647,125.1955935,84.49581766,2980,141.7241628,199.94248
648,122.5852655,82.08109036,2980,139.0277044,196.8461933
649,119.9833464,79.67865775,2980,136.3382943,193.7527948
650,117.389819,77.28848074,2980,133.6559202,190.6622799
651,114.8046658,74.9105201,2980,130.9805696,187.5746439
652,113.2278695,73.54473644,2981,129.3122301,185.489882
653,110.6594126,71.19109021,2981,126.6508893,182.4079895
654,108.0992776,68.84954171,2981,123.9965347,179.3289617
655,105.547447,66.52005112,2981,121.3491537,176.2527941
656,105.0039031,66.20257845,2983,120.7087338,175.1794818
657,102.4686283,63.8970836,2983,118.0752626,172.1090202
658,99.94160499,61.6035263,2983,115.4487274,169.0414048
659,98.42281541,60.3218662,2984,113.8291157,166.9766309
660,95.91224181,58.0520628,2984,111.2164149,163.9146938
661,93.4098664,55.79407547,2984,108.6106123,160.8555889
662,91.91567135,54.54786348,2985,107.0116953,158.7993118
663,89.42963879,52.31338599,2985,104.4196513,155.7458577
664,92.95175082,56.09060203,2991,107.8344676,158.6952221
665,90.4819895,53.87947056,2991,105.2561315,155.6474005
666,90.02033685,53.6799504,2993,104.6846303,154.6023882
667,108.5667749,72.49200029,3014,123.1199513,172.5601809
668,114.1212855,78.31557889,3022,128.5620818,177.5207739
669,113.6838507,78.15064474,3024,128.011009,176.4841627
670,114.2544523,78.99715631,3027,128.4667201,176.4503429
671,114.8330723,79.855072,3030,128.9292024,176.4193099
672,112.4196924,77.7243501,3030,126.3984431,173.3910593
673,110.0142944,75.60494885,3030,123.8744293,170.3655866
674,110.6168602,76.4968264,3033,124.3571483,170.3428874
675,108.2273715,74.39994083,3033,121.8465872,167.3229571
676,117.84581,84.31425018,3045,131.3427332,176.3057914
677,123.4721573,90.23971238,3053,136.8455734,181.2913859
678,126.1063953,93.17628535,3058,139.3550949,183.2797361
679,131.7485055,99.12392693,3066,144.8712849,188.2708376
680,133.3984695,101.0825949,3070,146.3941305,189.2646861
681,132.0562689,100.052247,3071,144.9236187,187.2612772
682,135.7218854,104.0328409,3077,148.4597367,190.2606065
683,141.3953005,110.0243343,3085,154.0024715,195.2626696
684,140.0764957,109.0266848,3086,152.5518102,193.2674622
685,143.7654525,113.0398499,3092,156.1077399,196.27498
686,141.4621524,111.0637872,3092,153.6702476,193.2852186
687,139.1665769,109.0984542,3092,151.2393203,190.2981738
688,139.8787075,110.1438084,3095,151.814945,190.3138412
689,145.5985256,116.1998072,3103,157.3971089,195.3322166
690,150.3260126,121.2664081,3110,161.9857988,199.3532956
691,154.06115,125.3435684,3116,165.5810019,202.377074
692,152.8039191,124.4312455,3117,164.1827051,200.4035475
693,150.5543012,122.5293969,3117,161.7908953,197.4327119
694,155.3122778,127.6379799,3124,166.4055597,201.464563
695,153.0778303,125.7569518,3124,164.0266851,198.4990964
696,150.8509398,123.88627,3124,161.6542585,195.5363081
697,150.6315879,124.0258919,3126,161.2882669,194.5761937
698,155.4197557,129.1757748,3133,165.9286973,198.6187492
699,154.2154246,128.335876,3134,164.5755366,196.6639702
700,152.0185759,126.506153,3134,162.2287718,193.7118527
701,149.8291908,124.686563,3134,159.8883897,190.7623924
702,148.6472506,123.8770634,3135,158.5543774,188.8155853
703,146.4727367,122.0776116,3135,156.2267218,185.8714271
704,145.3056301,121.2881651,3136,154.9054098,183.9299137
705,143.1459123,119.5086812,3136,152.5904284,180.991041
706,140.9935643,117.7391174,3136,150.2817645,178.0548049
707,138.8485675,115.979431,3136,147.9794049,175.1212013
708,136.7109031,114.2295797,3136,145.6833367,172.190226
709,137.5805523,115.4895209,3139,146.3935467,172.2618751
710,135.4574963,113.7592121,3139,144.1100219,169.3361443
711,133.3417163,112.0386109,3139,141.8327491,166.4130297
712,131.2331936,110.3276749,3139,139.5617153,163.4925272
713,129.1319093,108.6263618,3139,137.2969075,160.5746327
714,127.0378447,106.9346291,3139,135.0383124,157.6593423
715,124.9509809,105.2524346,3139,132.785917,154.7466518
716,124.8712992,105.5797361,3141,132.5397083,153.8365573
717,122.7987807,103.9164914,3141,130.2996731,150.9290547
718,120.7334067,102.2626582,3141,128.0657984,148.0241401
719,118.6751583,100.6181945,3141,125.838071,145.1218094
720,116.6240167,98.98305819,3141,123.6164779,142.2220588
721,114.5799632,97.35720728,3141,121.401006,139.3248841
722,113.542979,96.74059979,3142,120.1916421,137.4302815
723,111.5130452,95.13319383,3142,117.9883733,134.5382471
724,109.490143,93.53494754,3142,115.7911864,131.6487767
725,107.4742537,91.94581913,3142,113.6000683,128.7618666
726,105.4653585,90.36576687,3142,111.4150059,125.8775129
727,103.4634387,88.79474909,3142,109.2359862,122.9957115
728,101.4684753,87.23272419,3142,107.0629961,120.1164586
729,99.48044966,85.67965062,3142,104.8960226,117.2397502
730,97.49934301,84.13548692,3142,102.7350524,114.3655826
731,95.52513659,82.60019168,3142,100.5800727,111.4939519
732,93.55781162,81.07372357,3142,98.43107021,108.6248541
733,91.59734937,79.55604133,3142,96.288032,105.7582854
734,89.64373109,78.04710377,3142,94.15094497,102.8942419
735,87.69693805,76.54686977,3142,92.01979606,100.0327199
736,85.75695153,75.05529832,3142,89.89457224,97.1737154
737,83.8237528,73.57234843,3142,87.77526045,94.31722471
738,81.89732316,72.09797925,3142,85.66184764,91.46324396
739,79.97764391,70.63214996,3142,83.55432079,88.61176936
740,78.06469635,69.17481987,3142,81.45266686,85.7627971
741,76.15846182,67.72594833,3142,79.35687281,82.9163234
742,74.25892164,66.2854948,3142,77.26692564,80.07234448
743,72.36605716,64.85341883,3142,75.18281232,77.23085658
744,70.47984973,63.42968004,3142,73.10451984,74.39185593
745,68.60028072,62.01423816,3142,71.0320352,71.55533878
746,66.7273315,60.60705298,3142,68.9653454,68.72130139
747,64.86098347,59.20808441,3142,66.90443745,65.88974002
748,63.00121802,57.81729245,3142,64.84929835,63.06065095
749,61.14801659,56.43463718,3142,62.79991514,60.23403046
750,59.30136059,55.06007879,3142,60.75627484,57.40987484
751,57.46123148,53.69357755,3142,58.71836449,54.5881804
752,55.62761071,52.33509384,3142,56.68617112,51.76894344
753,53.80047976,50.98458814,3142,54.65968179,48.95216028
754,51.97982012,49.64202101,3142,52.63888356,46.13782725
755,50.16561329,48.30735315,3142,50.62376348,43.32594068
756,48.3578408,46.98054531,3142,48.61430864,40.5164969
757,46.55648417,45.6615584,3142,46.61050612,37.70949229
758,44.76152498,44.35035338,3142,44.612343,34.90492318
759,42.97294478,43.04689135,3142,42.61980638,32.10278596
760,41.19072517,41.7511335,3142,40.63288338,29.30307699
761,39.41484774,40.46304113,3142,38.6515611,26.50579267
762,37.64529414,39.18257566,3142,36.67582668,23.71092938
763,35.88204599,37.9096986,3142,34.70566724,20.91848352
764,34.12508496,36.64437157,3142,32.74106993,18.12845151
765,32.37439272,35.38655632,3142,30.78202191,15.34082977
766,30.62995099,34.13621469,3142,28.82851033,12.55561471
767,28.89174147,32.89330864,3142,26.88052237,9.77280277
768,27.1597459,31.65780025,3142,24.93804521,6.992390395
769,25.43394604,30.4296517,3142,23.00106605,4.214374033
770,23.71432368,29.20882528,3142,21.06957208,1.438750142
771,22.0008606,27.99528343,3142,19.14355053,-1.334484812
772,20.29353864,26.78898866,3142,17.22298861,-4.105334356
773,18.59233962,25.58990362,3142,15.30787357,-6.873802006
774,16.89724543,24.39799108,3142,13.39819264,-9.639891274
775,15.20823793,23.21321392,3142,11.49393309,-12.40360566
776,13.52529904,22.03553514,3142,9.595082178,-15.16494866
777,12.84841069,21.86491785,3143,8.70162719,-16.92392377
778,11.17755483,20.7013253,3143,6.813555416,-19.68053445
779,9.512713441,19.54472085,3143,4.930854159,-22.43478418
780,7.853868513,18.39506797,3143,3.053510734,-25.18667642
781,6.201002072,17.25233026,3143,1.181512466,-27.93621463
782,4.554096165,16.11647146,3143,-0.685153304,-30.68340226
783,2.913132861,14.98745539,3143,-2.546499227,-33.42824274
784,1.278094255,13.86524603,3143,-4.402537939,-36.17073951
785,-0.351037535,12.74980748,3143,-6.253282065,-38.91089599
786,-1.974280365,11.64110393,3143,-8.098744216,-41.6487156
787,-3.591652066,10.53909975,3143,-9.938936992,-44.38420175
788,-5.203170446,9.44375938,3143,-11.77387298,-47.11735784
789,-6.808853284,8.355047419,3143,-13.60356475,-49.84818726
790,-8.408718337,7.27292858,3143,-15.42802486,-52.5766934
791,-10.00278333,6.197367704,3143,-17.24726587,-55.30287964
792,-11.59106597,5.128329758,3143,-19.06130029,-58.02674934
793,-13.17358394,4.065779835,3143,-20.87014067,-60.74830589
794,-14.75035487,3.009683158,3143,-22.67379949,-63.46755262
795,-16.32139641,1.960005073,3143,-24.47228926,-66.18449289
796,-17.88672613,0.916711058,3143,-26.26562245,-68.89913004
797,-19.44636162,-0.120233284,3143,-28.05381152,-71.61146741
798,-21.0003204,-1.15086222,3143,-29.83686894,-74.32150832
799,-22.54862001,-2.175209887,3143,-31.61480713,-77.02925609
800,-24.09127792,-3.193310296,3143,-33.38763852,-79.73471403
801,-25.62831159,-4.205197327,3143,-35.15537551,-82.43788546
802,-27.15973844,-5.210904731,3143,-36.91803051,-85.13877366
803,-28.68557589,-6.210466129,3143,-38.67561588,-87.83738193
804,-30.20584131,-7.203915012,3143,-40.428144,-90.53371354
805,-31.72055203,-8.19128474,3143,-42.1756272,-93.22777179
806,-33.22972537,-9.172608545,3143,-43.91807784,-95.91955993
807,-34.73337862,-10.14791953,3143,-45.65550822,-98.60908122
808,-36.23152904,-11.11725065,3143,-47.38793065,-101.2963389
809,-37.72419385,-12.08063476,3143,-49.11535742,-103.9813363
810,-39.21139024,-13.03810457,3143,-50.8378008,-106.6640766
811,-40.69313539,-13.98969264,3143,-52.55527306,-109.344563
812,-42.16944643,-14.93543142,3143,-54.26778643,-112.0227987
813,-43.64034047,-15.87535322,3143,-55.97535314,-114.6987871
814,-45.10583459,-16.80949024,3143,-57.67798541,-117.3725312
815,-46.56594582,-17.73787451,3143,-59.37569542,-120.0440343
816,-48.02069119,-18.66053796,3143,-61.06849537,-122.7132996
817,-49.47008768,-19.57751236,3143,-62.7563974,-125.3803303
818,-50.91415224,-20.48882939,3143,-64.43941368,-128.0451296
819,-52.3529018,-21.39452055,3143,-66.11755633,-130.7077006
820,-53.78635324,-22.29461725,3143,-67.79083746,-133.3680466
821,-55.21452342,-23.18915073,3143,-69.45926918,-136.0261706
822,-56.63742918,-24.07815213,3143,-71.12286357,-138.6820758
823,-58.0550873,-24.96165244,3143,-72.7816327,-141.3357655
824,-59.46751456,-25.83968253,3143,-74.43558861,-143.9872427
825,-60.87472767,-26.71227311,3143,-76.08474333,-146.6365105
826,-62.27674335,-27.5794548,3143,-77.72910889,-149.2835722
827,-63.67357825,-28.44125806,3143,-79.36869727,-151.9284308
828,-65.06524902,-29.29771322,3143,-81.00352047,-154.5710894
829,-66.45177226,-30.14885048,3143,-82.63359045,-157.2115511
830,-62.83316452,-25.99469992,3148,-79.25891916,-154.8498192
831,-64.20944236,-26.83529147,3148,-80.87951852,-157.4858965
832,-65.58062228,-27.67065495,3148,-82.49540045,-160.1197863
833,-66.94672074,-28.50082002,3148,-84.10657685,-162.7514917
834,-72.30775418,-33.32581624,3144,-89.71305959,-169.3810156
835,-73.66373901,-34.145673,3144,-91.31486054,-172.0083612
836,-75.0146916,-34.9604196,3144,-92.91199155,-174.6335315
837,-76.36062828,-35.77008518,3144,-94.50446443,-177.2565297
838,-77.70156536,-36.57469876,3144,-96.09229099,-179.8773586
839,-79.03751911,-37.37428923,3144,-97.67548303,-182.4960215
840,-80.36850576,-38.16888534,3144,-99.25405232,-185.1125213
841,-81.69454151,-38.95851572,3144,-100.8280106,-187.726861
842,-83.01564254,-39.74320886,3144,-102.3973697,-190.3390437
843,-84.33182497,-40.52299313,3144,-103.9621412,-192.9490724
844,-85.64310491,-41.29789676,3144,-105.5223368,-195.5569501
845,-86.94949842,-42.06794785,3144,-107.0779683,-198.1626799
846,-88.25102154,-42.83317438,3144,-108.6290473,-200.7662646
847,-89.54769025,-43.59360419,3144,-110.1755855,-203.3677074
848,-90.83952052,-44.349265,3144,-111.7175945,-205.9670111
849,-92.12652827,-45.10018438,3144,-113.2550858,-208.5641788
850,-93.40872941,-45.84638979,3144,-114.7880712,-211.1592135
851,-94.68613978,-46.58790856,3144,-116.3165621,-213.7521181
852,-95.9587752,-47.32476789,3144,-117.8405701,-216.3428956
853,-97.22665147,-48.05699484,3144,-119.3601067,-218.9315489
854,-98.48978434,-48.78461635,3144,-120.8751835,-221.518081
855,-99.74818952,-49.50765924,3144,-122.385812,-224.1024948
856,-101.0018827,-50.22615018,3144,-123.8920037,-226.6847933
857,-102.2508795,-50.94011573,3144,-125.3937699,-229.2649794
858,-103.4951956,-51.64958233,3144,-126.8911222,-231.843056
859,-104.7348465,-52.35457627,3144,-128.3840719,-234.419026
860,-105.9698477,-53.05512372,3144,-129.8726306,-236.9928924
861,-107.2002149,-53.75125073,3144,-131.3568095,-239.564658
862,-108.4259634,-54.44298323,3144,-132.83662,-242.1343258
863,-109.6471086,-55.130347,3144,-134.3120735,-244.7018987
864,-110.863666,-55.81336771,3144,-135.7831812,-247.2673795
865,-112.075651,-56.49207091,3144,-137.2499546,-249.8307711
866,-113.2830788,-57.16648201,3144,-138.7124049,-252.3920764
867,-114.4859647,-57.83662631,3144,-140.1705434,-254.9512983
868,-115.6843241,-58.50252897,3144,-141.6243813,-257.5084396
869,-116.8781721,-59.16421503,3144,-143.0739298,-260.0635032
870,-118.0675238,-59.82170941,3144,-144.5192002,-262.6164919
871,-119.2523945,-60.47503691,3144,-145.9602036,-265.1674087
872,-120.4327993,-61.12422219,3144,-147.3969513,-267.7162562
873,-119.6087532,-59.7692898,3146,-146.8294543,-268.2630375
874,-120.7802712,-60.41026417,3146,-148.2577239,-270.8077552
875,-121.9473684,-61.0471696,3146,-149.681771,-273.3504123
876,-123.1100598,-61.68003026,3146,-151.1016069,-275.8910115
877,-123.2683602,-61.30887022,3147,-151.5172426,-277.4295556
878,-124.4222845,-61.9337134,3147,-152.9286892,-279.9660475
879,-125.5718476,-62.55458363,3147,-154.3359576,-282.50049
880,-126.7170644,-63.17150458,3147,-155.7390589,-285.0328858
881,-127.8579495,-63.78449985,3147,-157.1380042,-287.5632377
